Model,Accuracy,Recall,Precision,F1 Score
Logistic Regression,0.5623310810810811,0.4891304347826087,0.01738122827346466,0.03356956359567326
Random Forest,0.9722972972972973,0.30434782608695654,0.21875,0.2545454545454545
XGBoost,0.829222972972973,0.45652173913043476,0.04187437686939183,0.07671232876712329
